{"solution": {"cost": 14.360499999999998, "revenue": 32.5, "profit": 18.1395, "time": 46.591469287872314}}