{"solution": {"cost": 12.877499999999998, "revenue": 21.75, "profit": 8.872500000000002, "time": 31.762083292007446}}