{"solution": {"cost": 14.360499999999998, "revenue": 30.0, "profit": 15.639500000000002, "time": 43.44524264335632}}