{"solution": {"cost": 12.877499999999998, "revenue": 20.0, "profit": 7.122500000000002, "time": 9.849495887756348}}