{"solution": {"cost": 12.877499999999998, "revenue": 16.875, "profit": 3.9975000000000023, "time": 33.0761022567749}}