{"solution": {"cost": 12.877499999999998, "revenue": 21.75, "profit": 8.872500000000002, "time": 36.760749101638794}}