{"solution": {"cost": 12.877499999999998, "revenue": 19.25, "profit": 6.372500000000002, "time": 52.5645866394043}}