{"solution": {"cost": 12.877499999999998, "revenue": 15.0, "profit": 2.1225000000000023, "time": 14.441633462905884}}