{"solution": {"cost": 14.360499999999998, "revenue": 25.0, "profit": 10.639500000000002, "time": 37.38871145248413}}