{"solution": {"cost": 12.136, "revenue": 12.375, "profit": 0.23900000000000077, "time": 13.893242120742798}}