{"solution": {"cost": 14.360499999999998, "revenue": 32.5, "profit": 18.1395, "time": 47.106789350509644}}