{"solution": {"cost": 12.877499999999998, "revenue": 17.5, "profit": 4.622500000000002, "time": 11.105693578720093}}