{"solution": {"cost": 14.360499999999998, "revenue": 27.5, "profit": 13.139500000000002, "time": 42.93306875228882}}