{"solution": {"cost": 14.360499999999998, "revenue": 32.5, "profit": 18.1395, "time": 37.71663284301758}}