{"solution": {"cost": 14.360499999999998, "revenue": 35.0, "profit": 20.6395, "time": 31.190320253372192}}