{"solution": {"cost": 14.360499999999998, "revenue": 32.5, "profit": 18.1395, "time": 45.68325138092041}}