{"solution": {"cost": 12.136, "revenue": 10.0, "profit": -2.1359999999999992, "time": 2.4395971298217773}}