{"solution": {"cost": 14.360499999999998, "revenue": 35.0, "profit": 20.6395, "time": 36.62993144989014}}