{"solution": {"cost": 21.034, "revenue": 35.0, "profit": 13.966000000000001, "time": 0.29437685012817383}}