{"solution": {"cost": 21.034, "revenue": 12.5, "profit": -8.533999999999999, "time": 0.19920611381530762}}