{"solution": {"cost": 21.034, "revenue": 25.0, "profit": 3.966000000000001, "time": 0.2152087688446045}}