{"solution": {"cost": 21.034, "revenue": 22.5, "profit": 1.466000000000001, "time": 0.22899460792541504}}