{"solution": {"cost": 21.034, "revenue": 15.0, "profit": -6.033999999999999, "time": 0.19165277481079102}}