{"solution": {"cost": 21.034, "revenue": 32.5, "profit": 11.466000000000001, "time": 0.29699230194091797}}