{"solution": {"cost": 21.034, "revenue": 27.5, "profit": 6.466000000000001, "time": 0.2574183940887451}}