{"solution": {"cost": 21.034, "revenue": 10.0, "profit": -11.033999999999999, "time": 0.18384337425231934}}