{"solution": {"cost": 21.034, "revenue": 32.5, "profit": 11.466000000000001, "time": 0.20903849601745605}}