{"solution": {"cost": 21.034, "revenue": 25.0, "profit": 3.966000000000001, "time": 0.26540207862854004}}