{"solution": {"cost": 21.034, "revenue": 17.5, "profit": -3.533999999999999, "time": 0.18214750289916992}}