{"solution": {"cost": 21.034, "revenue": 30.0, "profit": 8.966000000000001, "time": 0.26604509353637695}}