{"solution": {"cost": 21.034, "revenue": 20.0, "profit": -1.033999999999999, "time": 0.20587992668151855}}