{"solution": {"cost": 6.204000000000001, "revenue": 1.875, "profit": -4.329000000000001, "time": 6.0903708934783936}}