{"solution": {"cost": 6.204000000000001, "revenue": 2.0, "profit": -4.204000000000001, "time": 13.750966310501099}}