{"solution": {"cost": 6.204000000000001, "revenue": 1.5, "profit": -4.704000000000001, "time": 2.095412015914917}}