{"solution": {"cost": 6.204000000000001, "revenue": 1.625, "profit": -4.579000000000001, "time": 3.1631460189819336}}