{"solution": {"cost": 6.204000000000001, "revenue": 1.75, "profit": -4.454000000000001, "time": 5.22031307220459}}