{"solution": {"cost": 6.204000000000001, "revenue": 1.875, "profit": -4.329000000000001, "time": 15.147573709487915}}