{"solution": {"cost": 6.204000000000001, "revenue": 2.125, "profit": -4.079000000000001, "time": 19.205326795578003}}